{"id":"sugarcrm","text":"sugarcrm","children":[{"id":"accounts","text":"accounts","children":[{"id":"id","text":"id"},{"id":"name","text":"name"},{"id":"date_entered","text":"date_entered"},{"id":"date_modified","text":"date_modified"},{"id":"modified_user_id","text":"modified_user_id"},{"id":"created_by","text":"created_by"},{"id":"description","text":"description"},{"id":"deleted","text":"deleted"},{"id":"assigned_user_id","text":"assigned_user_id"},{"id":"account_type","text":"account_type"},{"id":"industry","text":"industry"},{"id":"annual_revenue","text":"annual_revenue"},{"id":"phone_fax","text":"phone_fax"},{"id":"billing_address_street","text":"billing_address_street"},{"id":"billing_address_city","text":"billing_address_city"},{"id":"billing_address_state","text":"billing_address_state"},{"id":"billing_address_postalcode","text":"billing_address_postalcode"},{"id":"billing_address_country","text":"billing_address_country"},{"id":"rating","text":"rating"},{"id":"phone_office","text":"phone_office"},{"id":"phone_alternate","text":"phone_alternate"},{"id":"website","text":"website"},{"id":"ownership","text":"ownership"},{"id":"employees","text":"employees"},{"id":"ticker_symbol","text":"ticker_symbol"},{"id":"shipping_address_street","text":"shipping_address_street"},{"id":"shipping_address_city","text":"shipping_address_city"},{"id":"shipping_address_state","text":"shipping_address_state"},{"id":"shipping_address_postalcode","text":"shipping_address_postalcode"},{"id":"shipping_address_country","text":"shipping_address_country"},{"id":"parent_id","text":"parent_id"},{"id":"sic_code","text":"sic_code"},{"id":"campaign_id","text":"campaign_id"}]},{"id":"accounts_audit","text":"accounts_audit","children":[{"id":"id","text":"id"},{"id":"parent_id","text":"parent_id"},{"id":"date_created","text":"date_created"},{"id":"created_by","text":"created_by"},{"id":"field_name","text":"field_name"},{"id":"data_type","text":"data_type"},{"id":"before_value_string","text":"before_value_string"},{"id":"after_value_string","text":"after_value_string"},{"id":"before_value_text","text":"before_value_text"},{"id":"after_value_text","text":"after_value_text"}]},{"id":"accounts_bugs","text":"accounts_bugs","children":[{"id":"id","text":"id"},{"id":"account_id","text":"account_id"},{"id":"bug_id","text":"bug_id"},{"id":"date_modified","text":"date_modified"},{"id":"deleted","text":"deleted"}]},{"id":"accounts_cases","text":"accounts_cases","children":[{"id":"id","text":"id"},{"id":"account_id","text":"account_id"},{"id":"case_id","text":"case_id"},{"id":"date_modified","text":"date_modified"},{"id":"deleted","text":"deleted"}]},{"id":"accounts_contacts","text":"accounts_contacts","children":[{"id":"id","text":"id"},{"id":"contact_id","text":"contact_id"},{"id":"account_id","text":"account_id"},{"id":"date_modified","text":"date_modified"},{"id":"deleted","text":"deleted"}]},{"id":"accounts_opportunities","text":"accounts_opportunities","children":[{"id":"id","text":"id"},{"id":"opportunity_id","text":"opportunity_id"},{"id":"account_id","text":"account_id"},{"id":"date_modified","text":"date_modified"},{"id":"deleted","text":"deleted"}]},{"id":"acl_actions","text":"acl_actions","children":[{"id":"id","text":"id"},{"id":"date_entered","text":"date_entered"},{"id":"date_modified","text":"date_modified"},{"id":"modified_user_id","text":"modified_user_id"},{"id":"created_by","text":"created_by"},{"id":"name","text":"name"},{"id":"category","text":"category"},{"id":"acltype","text":"acltype"},{"id":"aclaccess","text":"aclaccess"},{"id":"deleted","text":"deleted"}]},{"id":"acl_roles","text":"acl_roles","children":[{"id":"id","text":"id"},{"id":"date_entered","text":"date_entered"},{"id":"date_modified","text":"date_modified"},{"id":"modified_user_id","text":"modified_user_id"},{"id":"created_by","text":"created_by"},{"id":"name","text":"name"},{"id":"description","text":"description"},{"id":"deleted","text":"deleted"}]},{"id":"acl_roles_actions","text":"acl_roles_actions","children":[{"id":"id","text":"id"},{"id":"role_id","text":"role_id"},{"id":"action_id","text":"action_id"},{"id":"access_override","text":"access_override"},{"id":"date_modified","text":"date_modified"},{"id":"deleted","text":"deleted"}]},{"id":"acl_roles_users","text":"acl_roles_users","children":[{"id":"id","text":"id"},{"id":"role_id","text":"role_id"},{"id":"user_id","text":"user_id"},{"id":"date_modified","text":"date_modified"},{"id":"deleted","text":"deleted"}]},{"id":"address_book","text":"address_book","children":[{"id":"assigned_user_id","text":"assigned_user_id"},{"id":"bean","text":"bean"},{"id":"bean_id","text":"bean_id"}]},{"id":"bugs","text":"bugs","children":[{"id":"id","text":"id"},{"id":"name","text":"name"},{"id":"date_entered","text":"date_entered"},{"id":"date_modified","text":"date_modified"},{"id":"modified_user_id","text":"modified_user_id"},{"id":"created_by","text":"created_by"},{"id":"description","text":"description"},{"id":"deleted","text":"deleted"},{"id":"assigned_user_id","text":"assigned_user_id"},{"id":"bug_number","text":"bug_number"},{"id":"type","text":"type"},{"id":"status","text":"status"},{"id":"priority","text":"priority"},{"id":"resolution","text":"resolution"},{"id":"work_log","text":"work_log"},{"id":"found_in_release","text":"found_in_release"},{"id":"fixed_in_release","text":"fixed_in_release"},{"id":"source","text":"source"},{"id":"product_category","text":"product_category"}]},{"id":"bugs_audit","text":"bugs_audit","children":[{"id":"id","text":"id"},{"id":"parent_id","text":"parent_id"},{"id":"date_created","text":"date_created"},{"id":"created_by","text":"created_by"},{"id":"field_name","text":"field_name"},{"id":"data_type","text":"data_type"},{"id":"before_value_string","text":"before_value_string"},{"id":"after_value_string","text":"after_value_string"},{"id":"before_value_text","text":"before_value_text"},{"id":"after_value_text","text":"after_value_text"}]},{"id":"calls","text":"calls","children":[{"id":"id","text":"id"},{"id":"name","text":"name"},{"id":"date_entered","text":"date_entered"},{"id":"date_modified","text":"date_modified"},{"id":"modified_user_id","text":"modified_user_id"},{"id":"created_by","text":"created_by"},{"id":"description","text":"description"},{"id":"deleted","text":"deleted"},{"id":"assigned_user_id","text":"assigned_user_id"},{"id":"duration_hours","text":"duration_hours"},{"id":"duration_minutes","text":"duration_minutes"},{"id":"date_start","text":"date_start"},{"id":"date_end","text":"date_end"},{"id":"parent_type","text":"parent_type"},{"id":"status","text":"status"},{"id":"direction","text":"direction"},{"id":"parent_id","text":"parent_id"},{"id":"reminder_time","text":"reminder_time"},{"id":"email_reminder_time","text":"email_reminder_time"},{"id":"email_reminder_sent","text":"email_reminder_sent"},{"id":"outlook_id","text":"outlook_id"},{"id":"repeat_type","text":"repeat_type"},{"id":"repeat_interval","text":"repeat_interval"},{"id":"repeat_dow","text":"repeat_dow"},{"id":"repeat_until","text":"repeat_until"},{"id":"repeat_count","text":"repeat_count"},{"id":"repeat_parent_id","text":"repeat_parent_id"},{"id":"recurring_source","text":"recurring_source"}]},{"id":"calls_contacts","text":"calls_contacts","children":[{"id":"id","text":"id"},{"id":"call_id","text":"call_id"},{"id":"contact_id","text":"contact_id"},{"id":"required","text":"required"},{"id":"accept_status","text":"accept_status"},{"id":"date_modified","text":"date_modified"},{"id":"deleted","text":"deleted"}]},{"id":"calls_leads","text":"calls_leads","children":[{"id":"id","text":"id"},{"id":"call_id","text":"call_id"},{"id":"lead_id","text":"lead_id"},{"id":"required","text":"required"},{"id":"accept_status","text":"accept_status"},{"id":"date_modified","text":"date_modified"},{"id":"deleted","text":"deleted"}]},{"id":"calls_users","text":"calls_users","children":[{"id":"id","text":"id"},{"id":"call_id","text":"call_id"},{"id":"user_id","text":"user_id"},{"id":"required","text":"required"},{"id":"accept_status","text":"accept_status"},{"id":"date_modified","text":"date_modified"},{"id":"deleted","text":"deleted"}]},{"id":"campaign_log","text":"campaign_log","children":[{"id":"id","text":"id"},{"id":"campaign_id","text":"campaign_id"},{"id":"target_tracker_key","text":"target_tracker_key"},{"id":"target_id","text":"target_id"},{"id":"target_type","text":"target_type"},{"id":"activity_type","text":"activity_type"},{"id":"activity_date","text":"activity_date"},{"id":"related_id","text":"related_id"},{"id":"related_type","text":"related_type"},{"id":"archived","text":"archived"},{"id":"hits","text":"hits"},{"id":"list_id","text":"list_id"},{"id":"deleted","text":"deleted"},{"id":"date_modified","text":"date_modified"},{"id":"more_information","text":"more_information"},{"id":"marketing_id","text":"marketing_id"}]},{"id":"campaign_trkrs","text":"campaign_trkrs","children":[{"id":"id","text":"id"},{"id":"tracker_name","text":"tracker_name"},{"id":"tracker_url","text":"tracker_url"},{"id":"tracker_key","text":"tracker_key"},{"id":"campaign_id","text":"campaign_id"},{"id":"date_entered","text":"date_entered"},{"id":"date_modified","text":"date_modified"},{"id":"modified_user_id","text":"modified_user_id"},{"id":"created_by","text":"created_by"},{"id":"is_optout","text":"is_optout"},{"id":"deleted","text":"deleted"}]},{"id":"campaigns","text":"campaigns","children":[{"id":"id","text":"id"},{"id":"name","text":"name"},{"id":"date_entered","text":"date_entered"},{"id":"date_modified","text":"date_modified"},{"id":"modified_user_id","text":"modified_user_id"},{"id":"created_by","text":"created_by"},{"id":"deleted","text":"deleted"},{"id":"assigned_user_id","text":"assigned_user_id"},{"id":"tracker_key","text":"tracker_key"},{"id":"tracker_count","text":"tracker_count"},{"id":"refer_url","text":"refer_url"},{"id":"tracker_text","text":"tracker_text"},{"id":"start_date","text":"start_date"},{"id":"end_date","text":"end_date"},{"id":"status","text":"status"},{"id":"impressions","text":"impressions"},{"id":"currency_id","text":"currency_id"},{"id":"budget","text":"budget"},{"id":"expected_cost","text":"expected_cost"},{"id":"actual_cost","text":"actual_cost"},{"id":"expected_revenue","text":"expected_revenue"},{"id":"campaign_type","text":"campaign_type"},{"id":"objective","text":"objective"},{"id":"content","text":"content"},{"id":"frequency","text":"frequency"}]},{"id":"campaigns_audit","text":"campaigns_audit","children":[{"id":"id","text":"id"},{"id":"parent_id","text":"parent_id"},{"id":"date_created","text":"date_created"},{"id":"created_by","text":"created_by"},{"id":"field_name","text":"field_name"},{"id":"data_type","text":"data_type"},{"id":"before_value_string","text":"before_value_string"},{"id":"after_value_string","text":"after_value_string"},{"id":"before_value_text","text":"before_value_text"},{"id":"after_value_text","text":"after_value_text"}]},{"id":"cases","text":"cases","children":[{"id":"id","text":"id"},{"id":"name","text":"name"},{"id":"date_entered","text":"date_entered"},{"id":"date_modified","text":"date_modified"},{"id":"modified_user_id","text":"modified_user_id"},{"id":"created_by","text":"created_by"},{"id":"description","text":"description"},{"id":"deleted","text":"deleted"},{"id":"assigned_user_id","text":"assigned_user_id"},{"id":"case_number","text":"case_number"},{"id":"type","text":"type"},{"id":"status","text":"status"},{"id":"priority","text":"priority"},{"id":"resolution","text":"resolution"},{"id":"work_log","text":"work_log"},{"id":"account_id","text":"account_id"}]},{"id":"cases_audit","text":"cases_audit","children":[{"id":"id","text":"id"},{"id":"parent_id","text":"parent_id"},{"id":"date_created","text":"date_created"},{"id":"created_by","text":"created_by"},{"id":"field_name","text":"field_name"},{"id":"data_type","text":"data_type"},{"id":"before_value_string","text":"before_value_string"},{"id":"after_value_string","text":"after_value_string"},{"id":"before_value_text","text":"before_value_text"},{"id":"after_value_text","text":"after_value_text"}]},{"id":"cases_bugs","text":"cases_bugs","children":[{"id":"id","text":"id"},{"id":"case_id","text":"case_id"},{"id":"bug_id","text":"bug_id"},{"id":"date_modified","text":"date_modified"},{"id":"deleted","text":"deleted"}]},{"id":"config","text":"config","children":[{"id":"category","text":"category"},{"id":"name","text":"name"},{"id":"value","text":"value"}]},{"id":"contacts","text":"contacts","children":[{"id":"id","text":"id"},{"id":"date_entered","text":"date_entered"},{"id":"date_modified","text":"date_modified"},{"id":"modified_user_id","text":"modified_user_id"},{"id":"created_by","text":"created_by"},{"id":"description","text":"description"},{"id":"deleted","text":"deleted"},{"id":"assigned_user_id","text":"assigned_user_id"},{"id":"salutation","text":"salutation"},{"id":"first_name","text":"first_name"},{"id":"last_name","text":"last_name"},{"id":"title","text":"title"},{"id":"department","text":"department"},{"id":"do_not_call","text":"do_not_call"},{"id":"phone_home","text":"phone_home"},{"id":"phone_mobile","text":"phone_mobile"},{"id":"phone_work","text":"phone_work"},{"id":"phone_other","text":"phone_other"},{"id":"phone_fax","text":"phone_fax"},{"id":"primary_address_street","text":"primary_address_street"},{"id":"primary_address_city","text":"primary_address_city"},{"id":"primary_address_state","text":"primary_address_state"},{"id":"primary_address_postalcode","text":"primary_address_postalcode"},{"id":"primary_address_country","text":"primary_address_country"},{"id":"alt_address_street","text":"alt_address_street"},{"id":"alt_address_city","text":"alt_address_city"},{"id":"alt_address_state","text":"alt_address_state"},{"id":"alt_address_postalcode","text":"alt_address_postalcode"},{"id":"alt_address_country","text":"alt_address_country"},{"id":"assistant","text":"assistant"},{"id":"assistant_phone","text":"assistant_phone"},{"id":"lead_source","text":"lead_source"},{"id":"reports_to_id","text":"reports_to_id"},{"id":"birthdate","text":"birthdate"},{"id":"campaign_id","text":"campaign_id"}]},{"id":"contacts_audit","text":"contacts_audit","children":[{"id":"id","text":"id"},{"id":"parent_id","text":"parent_id"},{"id":"date_created","text":"date_created"},{"id":"created_by","text":"created_by"},{"id":"field_name","text":"field_name"},{"id":"data_type","text":"data_type"},{"id":"before_value_string","text":"before_value_string"},{"id":"after_value_string","text":"after_value_string"},{"id":"before_value_text","text":"before_value_text"},{"id":"after_value_text","text":"after_value_text"}]},{"id":"contacts_bugs","text":"contacts_bugs","children":[{"id":"id","text":"id"},{"id":"contact_id","text":"contact_id"},{"id":"bug_id","text":"bug_id"},{"id":"contact_role","text":"contact_role"},{"id":"date_modified","text":"date_modified"},{"id":"deleted","text":"deleted"}]},{"id":"contacts_cases","text":"contacts_cases","children":[{"id":"id","text":"id"},{"id":"contact_id","text":"contact_id"},{"id":"case_id","text":"case_id"},{"id":"contact_role","text":"contact_role"},{"id":"date_modified","text":"date_modified"},{"id":"deleted","text":"deleted"}]},{"id":"contacts_users","text":"contacts_users","children":[{"id":"id","text":"id"},{"id":"contact_id","text":"contact_id"},{"id":"user_id","text":"user_id"},{"id":"date_modified","text":"date_modified"},{"id":"deleted","text":"deleted"}]},{"id":"cron_remove_documents","text":"cron_remove_documents","children":[{"id":"id","text":"id"},{"id":"bean_id","text":"bean_id"},{"id":"module","text":"module"},{"id":"date_modified","text":"date_modified"}]},{"id":"currencies","text":"currencies","children":[{"id":"id","text":"id"},{"id":"name","text":"name"},{"id":"symbol","text":"symbol"},{"id":"iso4217","text":"iso4217"},{"id":"conversion_rate","text":"conversion_rate"},{"id":"status","text":"status"},{"id":"deleted","text":"deleted"},{"id":"date_entered","text":"date_entered"},{"id":"date_modified","text":"date_modified"},{"id":"created_by","text":"created_by"}]},{"id":"custom_fields","text":"custom_fields","children":[{"id":"bean_id","text":"bean_id"},{"id":"set_num","text":"set_num"},{"id":"field0","text":"field0"},{"id":"field1","text":"field1"},{"id":"field2","text":"field2"},{"id":"field3","text":"field3"},{"id":"field4","text":"field4"},{"id":"field5","text":"field5"},{"id":"field6","text":"field6"},{"id":"field7","text":"field7"},{"id":"field8","text":"field8"},{"id":"field9","text":"field9"},{"id":"deleted","text":"deleted"}]},{"id":"document_revisions","text":"document_revisions","children":[{"id":"id","text":"id"},{"id":"change_log","text":"change_log"},{"id":"document_id","text":"document_id"},{"id":"doc_id","text":"doc_id"},{"id":"doc_type","text":"doc_type"},{"id":"doc_url","text":"doc_url"},{"id":"date_entered","text":"date_entered"},{"id":"created_by","text":"created_by"},{"id":"filename","text":"filename"},{"id":"file_ext","text":"file_ext"},{"id":"file_mime_type","text":"file_mime_type"},{"id":"revision","text":"revision"},{"id":"deleted","text":"deleted"},{"id":"date_modified","text":"date_modified"}]},{"id":"documents","text":"documents","children":[{"id":"id","text":"id"},{"id":"date_entered","text":"date_entered"},{"id":"date_modified","text":"date_modified"},{"id":"modified_user_id","text":"modified_user_id"},{"id":"created_by","text":"created_by"},{"id":"description","text":"description"},{"id":"deleted","text":"deleted"},{"id":"assigned_user_id","text":"assigned_user_id"},{"id":"document_name","text":"document_name"},{"id":"doc_id","text":"doc_id"},{"id":"doc_type","text":"doc_type"},{"id":"doc_url","text":"doc_url"},{"id":"active_date","text":"active_date"},{"id":"exp_date","text":"exp_date"},{"id":"category_id","text":"category_id"},{"id":"subcategory_id","text":"subcategory_id"},{"id":"status_id","text":"status_id"},{"id":"document_revision_id","text":"document_revision_id"},{"id":"related_doc_id","text":"related_doc_id"},{"id":"related_doc_rev_id","text":"related_doc_rev_id"},{"id":"is_template","text":"is_template"},{"id":"template_type","text":"template_type"}]},{"id":"documents_accounts","text":"documents_accounts","children":[{"id":"id","text":"id"},{"id":"date_modified","text":"date_modified"},{"id":"deleted","text":"deleted"},{"id":"document_id","text":"document_id"},{"id":"account_id","text":"account_id"}]},{"id":"documents_bugs","text":"documents_bugs","children":[{"id":"id","text":"id"},{"id":"date_modified","text":"date_modified"},{"id":"deleted","text":"deleted"},{"id":"document_id","text":"document_id"},{"id":"bug_id","text":"bug_id"}]},{"id":"documents_cases","text":"documents_cases","children":[{"id":"id","text":"id"},{"id":"date_modified","text":"date_modified"},{"id":"deleted","text":"deleted"},{"id":"document_id","text":"document_id"},{"id":"case_id","text":"case_id"}]},{"id":"documents_contacts","text":"documents_contacts","children":[{"id":"id","text":"id"},{"id":"date_modified","text":"date_modified"},{"id":"deleted","text":"deleted"},{"id":"document_id","text":"document_id"},{"id":"contact_id","text":"contact_id"}]},{"id":"documents_opportunities","text":"documents_opportunities","children":[{"id":"id","text":"id"},{"id":"date_modified","text":"date_modified"},{"id":"deleted","text":"deleted"},{"id":"document_id","text":"document_id"},{"id":"opportunity_id","text":"opportunity_id"}]},{"id":"eapm","text":"eapm","children":[{"id":"id","text":"id"},{"id":"name","text":"name"},{"id":"date_entered","text":"date_entered"},{"id":"date_modified","text":"date_modified"},{"id":"modified_user_id","text":"modified_user_id"},{"id":"created_by","text":"created_by"},{"id":"description","text":"description"},{"id":"deleted","text":"deleted"},{"id":"assigned_user_id","text":"assigned_user_id"},{"id":"password","text":"password"},{"id":"url","text":"url"},{"id":"application","text":"application"},{"id":"api_data","text":"api_data"},{"id":"consumer_key","text":"consumer_key"},{"id":"consumer_secret","text":"consumer_secret"},{"id":"oauth_token","text":"oauth_token"},{"id":"oauth_secret","text":"oauth_secret"},{"id":"validated","text":"validated"}]},{"id":"email_addr_bean_rel","text":"email_addr_bean_rel","children":[{"id":"id","text":"id"},{"id":"email_address_id","text":"email_address_id"},{"id":"bean_id","text":"bean_id"},{"id":"bean_module","text":"bean_module"},{"id":"primary_address","text":"primary_address"},{"id":"reply_to_address","text":"reply_to_address"},{"id":"date_created","text":"date_created"},{"id":"date_modified","text":"date_modified"},{"id":"deleted","text":"deleted"}]},{"id":"email_addresses","text":"email_addresses","children":[{"id":"id","text":"id"},{"id":"email_address","text":"email_address"},{"id":"email_address_caps","text":"email_address_caps"},{"id":"invalid_email","text":"invalid_email"},{"id":"opt_out","text":"opt_out"},{"id":"date_created","text":"date_created"},{"id":"date_modified","text":"date_modified"},{"id":"deleted","text":"deleted"}]},{"id":"email_cache","text":"email_cache","children":[{"id":"ie_id","text":"ie_id"},{"id":"mbox","text":"mbox"},{"id":"subject","text":"subject"},{"id":"fromaddr","text":"fromaddr"},{"id":"toaddr","text":"toaddr"},{"id":"senddate","text":"senddate"},{"id":"message_id","text":"message_id"},{"id":"mailsize","text":"mailsize"},{"id":"imap_uid","text":"imap_uid"},{"id":"msgno","text":"msgno"},{"id":"recent","text":"recent"},{"id":"flagged","text":"flagged"},{"id":"answered","text":"answered"},{"id":"deleted","text":"deleted"},{"id":"seen","text":"seen"},{"id":"draft","text":"draft"}]},{"id":"email_marketing","text":"email_marketing","children":[{"id":"id","text":"id"},{"id":"deleted","text":"deleted"},{"id":"date_entered","text":"date_entered"},{"id":"date_modified","text":"date_modified"},{"id":"modified_user_id","text":"modified_user_id"},{"id":"created_by","text":"created_by"},{"id":"name","text":"name"},{"id":"from_name","text":"from_name"},{"id":"from_addr","text":"from_addr"},{"id":"reply_to_name","text":"reply_to_name"},{"id":"reply_to_addr","text":"reply_to_addr"},{"id":"inbound_email_id","text":"inbound_email_id"},{"id":"date_start","text":"date_start"},{"id":"template_id","text":"template_id"},{"id":"status","text":"status"},{"id":"campaign_id","text":"campaign_id"},{"id":"all_prospect_lists","text":"all_prospect_lists"}]},{"id":"email_marketing_prospect_lists","text":"email_marketing_prospect_lists","children":[{"id":"id","text":"id"},{"id":"prospect_list_id","text":"prospect_list_id"},{"id":"email_marketing_id","text":"email_marketing_id"},{"id":"date_modified","text":"date_modified"},{"id":"deleted","text":"deleted"}]},{"id":"email_templates","text":"email_templates","children":[{"id":"id","text":"id"},{"id":"date_entered","text":"date_entered"},{"id":"date_modified","text":"date_modified"},{"id":"modified_user_id","text":"modified_user_id"},{"id":"created_by","text":"created_by"},{"id":"published","text":"published"},{"id":"name","text":"name"},{"id":"description","text":"description"},{"id":"subject","text":"subject"},{"id":"body","text":"body"},{"id":"body_html","text":"body_html"},{"id":"deleted","text":"deleted"},{"id":"assigned_user_id","text":"assigned_user_id"},{"id":"text_only","text":"text_only"},{"id":"type","text":"type"}]},{"id":"emailman","text":"emailman","children":[{"id":"date_entered","text":"date_entered"},{"id":"date_modified","text":"date_modified"},{"id":"user_id","text":"user_id"},{"id":"id","text":"id"},{"id":"campaign_id","text":"campaign_id"},{"id":"marketing_id","text":"marketing_id"},{"id":"list_id","text":"list_id"},{"id":"send_date_time","text":"send_date_time"},{"id":"modified_user_id","text":"modified_user_id"},{"id":"in_queue","text":"in_queue"},{"id":"in_queue_date","text":"in_queue_date"},{"id":"send_attempts","text":"send_attempts"},{"id":"deleted","text":"deleted"},{"id":"related_id","text":"related_id"},{"id":"related_type","text":"related_type"}]},{"id":"emails","text":"emails","children":[{"id":"id","text":"id"},{"id":"date_entered","text":"date_entered"},{"id":"date_modified","text":"date_modified"},{"id":"assigned_user_id","text":"assigned_user_id"},{"id":"modified_user_id","text":"modified_user_id"},{"id":"created_by","text":"created_by"},{"id":"deleted","text":"deleted"},{"id":"date_sent","text":"date_sent"},{"id":"message_id","text":"message_id"},{"id":"name","text":"name"},{"id":"type","text":"type"},{"id":"status","text":"status"},{"id":"flagged","text":"flagged"},{"id":"reply_to_status","text":"reply_to_status"},{"id":"intent","text":"intent"},{"id":"mailbox_id","text":"mailbox_id"},{"id":"parent_type","text":"parent_type"},{"id":"parent_id","text":"parent_id"}]},{"id":"emails_beans","text":"emails_beans","children":[{"id":"id","text":"id"},{"id":"email_id","text":"email_id"},{"id":"bean_id","text":"bean_id"},{"id":"bean_module","text":"bean_module"},{"id":"campaign_data","text":"campaign_data"},{"id":"date_modified","text":"date_modified"},{"id":"deleted","text":"deleted"}]},{"id":"emails_email_addr_rel","text":"emails_email_addr_rel","children":[{"id":"id","text":"id"},{"id":"email_id","text":"email_id"},{"id":"address_type","text":"address_type"},{"id":"email_address_id","text":"email_address_id"},{"id":"deleted","text":"deleted"}]},{"id":"emails_text","text":"emails_text","children":[{"id":"email_id","text":"email_id"},{"id":"from_addr","text":"from_addr"},{"id":"reply_to_addr","text":"reply_to_addr"},{"id":"to_addrs","text":"to_addrs"},{"id":"cc_addrs","text":"cc_addrs"},{"id":"bcc_addrs","text":"bcc_addrs"},{"id":"description","text":"description"},{"id":"description_html","text":"description_html"},{"id":"raw_source","text":"raw_source"},{"id":"deleted","text":"deleted"}]},{"id":"fields_meta_data","text":"fields_meta_data","children":[{"id":"id","text":"id"},{"id":"name","text":"name"},{"id":"vname","text":"vname"},{"id":"comments","text":"comments"},{"id":"help","text":"help"},{"id":"custom_module","text":"custom_module"},{"id":"type","text":"type"},{"id":"len","text":"len"},{"id":"required","text":"required"},{"id":"default_value","text":"default_value"},{"id":"date_modified","text":"date_modified"},{"id":"deleted","text":"deleted"},{"id":"audited","text":"audited"},{"id":"massupdate","text":"massupdate"},{"id":"duplicate_merge","text":"duplicate_merge"},{"id":"reportable","text":"reportable"},{"id":"importable","text":"importable"},{"id":"ext1","text":"ext1"},{"id":"ext2","text":"ext2"},{"id":"ext3","text":"ext3"},{"id":"ext4","text":"ext4"}]},{"id":"folders","text":"folders","children":[{"id":"id","text":"id"},{"id":"name","text":"name"},{"id":"folder_type","text":"folder_type"},{"id":"parent_folder","text":"parent_folder"},{"id":"has_child","text":"has_child"},{"id":"is_group","text":"is_group"},{"id":"is_dynamic","text":"is_dynamic"},{"id":"dynamic_query","text":"dynamic_query"},{"id":"assign_to_id","text":"assign_to_id"},{"id":"created_by","text":"created_by"},{"id":"modified_by","text":"modified_by"},{"id":"deleted","text":"deleted"}]},{"id":"folders_rel","text":"folders_rel","children":[{"id":"id","text":"id"},{"id":"folder_id","text":"folder_id"},{"id":"polymorphic_module","text":"polymorphic_module"},{"id":"polymorphic_id","text":"polymorphic_id"},{"id":"deleted","text":"deleted"}]},{"id":"folders_subscriptions","text":"folders_subscriptions","children":[{"id":"id","text":"id"},{"id":"folder_id","text":"folder_id"},{"id":"assigned_user_id","text":"assigned_user_id"}]},{"id":"import_maps","text":"import_maps","children":[{"id":"id","text":"id"},{"id":"name","text":"name"},{"id":"source","text":"source"},{"id":"enclosure","text":"enclosure"},{"id":"delimiter","text":"delimiter"},{"id":"module","text":"module"},{"id":"content","text":"content"},{"id":"default_values","text":"default_values"},{"id":"has_header","text":"has_header"},{"id":"deleted","text":"deleted"},{"id":"date_entered","text":"date_entered"},{"id":"date_modified","text":"date_modified"},{"id":"assigned_user_id","text":"assigned_user_id"},{"id":"is_published","text":"is_published"}]},{"id":"inbound_email","text":"inbound_email","children":[{"id":"id","text":"id"},{"id":"deleted","text":"deleted"},{"id":"date_entered","text":"date_entered"},{"id":"date_modified","text":"date_modified"},{"id":"modified_user_id","text":"modified_user_id"},{"id":"created_by","text":"created_by"},{"id":"name","text":"name"},{"id":"status","text":"status"},{"id":"server_url","text":"server_url"},{"id":"email_user","text":"email_user"},{"id":"email_password","text":"email_password"},{"id":"port","text":"port"},{"id":"service","text":"service"},{"id":"mailbox","text":"mailbox"},{"id":"delete_seen","text":"delete_seen"},{"id":"mailbox_type","text":"mailbox_type"},{"id":"template_id","text":"template_id"},{"id":"stored_options","text":"stored_options"},{"id":"group_id","text":"group_id"},{"id":"is_personal","text":"is_personal"},{"id":"groupfolder_id","text":"groupfolder_id"}]},{"id":"inbound_email_autoreply","text":"inbound_email_autoreply","children":[{"id":"id","text":"id"},{"id":"deleted","text":"deleted"},{"id":"date_entered","text":"date_entered"},{"id":"date_modified","text":"date_modified"},{"id":"autoreplied_to","text":"autoreplied_to"},{"id":"ie_id","text":"ie_id"}]},{"id":"inbound_email_cache_ts","text":"inbound_email_cache_ts","children":[{"id":"id","text":"id"},{"id":"ie_timestamp","text":"ie_timestamp"}]},{"id":"job_queue","text":"job_queue","children":[{"id":"assigned_user_id","text":"assigned_user_id"},{"id":"id","text":"id"},{"id":"name","text":"name"},{"id":"deleted","text":"deleted"},{"id":"date_entered","text":"date_entered"},{"id":"date_modified","text":"date_modified"},{"id":"scheduler_id","text":"scheduler_id"},{"id":"execute_time","text":"execute_time"},{"id":"status","text":"status"},{"id":"resolution","text":"resolution"},{"id":"message","text":"message"},{"id":"target","text":"target"},{"id":"data","text":"data"},{"id":"requeue","text":"requeue"},{"id":"retry_count","text":"retry_count"},{"id":"failure_count","text":"failure_count"},{"id":"job_delay","text":"job_delay"},{"id":"client","text":"client"},{"id":"percent_complete","text":"percent_complete"}]},{"id":"leads","text":"leads","children":[{"id":"id","text":"id"},{"id":"date_entered","text":"date_entered"},{"id":"date_modified","text":"date_modified"},{"id":"modified_user_id","text":"modified_user_id"},{"id":"created_by","text":"created_by"},{"id":"description","text":"description"},{"id":"deleted","text":"deleted"},{"id":"assigned_user_id","text":"assigned_user_id"},{"id":"salutation","text":"salutation"},{"id":"first_name","text":"first_name"},{"id":"last_name","text":"last_name"},{"id":"title","text":"title"},{"id":"department","text":"department"},{"id":"do_not_call","text":"do_not_call"},{"id":"phone_home","text":"phone_home"},{"id":"phone_mobile","text":"phone_mobile"},{"id":"phone_work","text":"phone_work"},{"id":"phone_other","text":"phone_other"},{"id":"phone_fax","text":"phone_fax"},{"id":"primary_address_street","text":"primary_address_street"},{"id":"primary_address_city","text":"primary_address_city"},{"id":"primary_address_state","text":"primary_address_state"},{"id":"primary_address_postalcode","text":"primary_address_postalcode"},{"id":"primary_address_country","text":"primary_address_country"},{"id":"alt_address_street","text":"alt_address_street"},{"id":"alt_address_city","text":"alt_address_city"},{"id":"alt_address_state","text":"alt_address_state"},{"id":"alt_address_postalcode","text":"alt_address_postalcode"},{"id":"alt_address_country","text":"alt_address_country"},{"id":"assistant","text":"assistant"},{"id":"assistant_phone","text":"assistant_phone"},{"id":"converted","text":"converted"},{"id":"refered_by","text":"refered_by"},{"id":"lead_source","text":"lead_source"},{"id":"lead_source_description","text":"lead_source_description"},{"id":"status","text":"status"},{"id":"status_description","text":"status_description"},{"id":"reports_to_id","text":"reports_to_id"},{"id":"account_name","text":"account_name"},{"id":"account_description","text":"account_description"},{"id":"contact_id","text":"contact_id"},{"id":"account_id","text":"account_id"},{"id":"opportunity_id","text":"opportunity_id"},{"id":"opportunity_name","text":"opportunity_name"},{"id":"opportunity_amount","text":"opportunity_amount"},{"id":"campaign_id","text":"campaign_id"},{"id":"birthdate","text":"birthdate"},{"id":"portal_name","text":"portal_name"},{"id":"portal_app","text":"portal_app"},{"id":"website","text":"website"}]},{"id":"leads_audit","text":"leads_audit","children":[{"id":"id","text":"id"},{"id":"parent_id","text":"parent_id"},{"id":"date_created","text":"date_created"},{"id":"created_by","text":"created_by"},{"id":"field_name","text":"field_name"},{"id":"data_type","text":"data_type"},{"id":"before_value_string","text":"before_value_string"},{"id":"after_value_string","text":"after_value_string"},{"id":"before_value_text","text":"before_value_text"},{"id":"after_value_text","text":"after_value_text"}]},{"id":"linked_documents","text":"linked_documents","children":[{"id":"id","text":"id"},{"id":"parent_id","text":"parent_id"},{"id":"parent_type","text":"parent_type"},{"id":"document_id","text":"document_id"},{"id":"document_revision_id","text":"document_revision_id"},{"id":"date_modified","text":"date_modified"},{"id":"deleted","text":"deleted"}]},{"id":"meetings","text":"meetings","children":[{"id":"id","text":"id"},{"id":"name","text":"name"},{"id":"date_entered","text":"date_entered"},{"id":"date_modified","text":"date_modified"},{"id":"modified_user_id","text":"modified_user_id"},{"id":"created_by","text":"created_by"},{"id":"description","text":"description"},{"id":"deleted","text":"deleted"},{"id":"assigned_user_id","text":"assigned_user_id"},{"id":"location","text":"location"},{"id":"password","text":"password"},{"id":"join_url","text":"join_url"},{"id":"host_url","text":"host_url"},{"id":"displayed_url","text":"displayed_url"},{"id":"creator","text":"creator"},{"id":"external_id","text":"external_id"},{"id":"duration_hours","text":"duration_hours"},{"id":"duration_minutes","text":"duration_minutes"},{"id":"date_start","text":"date_start"},{"id":"date_end","text":"date_end"},{"id":"parent_type","text":"parent_type"},{"id":"status","text":"status"},{"id":"type","text":"type"},{"id":"parent_id","text":"parent_id"},{"id":"reminder_time","text":"reminder_time"},{"id":"email_reminder_time","text":"email_reminder_time"},{"id":"email_reminder_sent","text":"email_reminder_sent"},{"id":"outlook_id","text":"outlook_id"},{"id":"sequence","text":"sequence"},{"id":"repeat_type","text":"repeat_type"},{"id":"repeat_interval","text":"repeat_interval"},{"id":"repeat_dow","text":"repeat_dow"},{"id":"repeat_until","text":"repeat_until"},{"id":"repeat_count","text":"repeat_count"},{"id":"repeat_parent_id","text":"repeat_parent_id"},{"id":"recurring_source","text":"recurring_source"}]},{"id":"meetings_contacts","text":"meetings_contacts","children":[{"id":"id","text":"id"},{"id":"meeting_id","text":"meeting_id"},{"id":"contact_id","text":"contact_id"},{"id":"required","text":"required"},{"id":"accept_status","text":"accept_status"},{"id":"date_modified","text":"date_modified"},{"id":"deleted","text":"deleted"}]},{"id":"meetings_leads","text":"meetings_leads","children":[{"id":"id","text":"id"},{"id":"meeting_id","text":"meeting_id"},{"id":"lead_id","text":"lead_id"},{"id":"required","text":"required"},{"id":"accept_status","text":"accept_status"},{"id":"date_modified","text":"date_modified"},{"id":"deleted","text":"deleted"}]},{"id":"meetings_users","text":"meetings_users","children":[{"id":"id","text":"id"},{"id":"meeting_id","text":"meeting_id"},{"id":"user_id","text":"user_id"},{"id":"required","text":"required"},{"id":"accept_status","text":"accept_status"},{"id":"date_modified","text":"date_modified"},{"id":"deleted","text":"deleted"}]},{"id":"notes","text":"notes","children":[{"id":"assigned_user_id","text":"assigned_user_id"},{"id":"id","text":"id"},{"id":"date_entered","text":"date_entered"},{"id":"date_modified","text":"date_modified"},{"id":"modified_user_id","text":"modified_user_id"},{"id":"created_by","text":"created_by"},{"id":"name","text":"name"},{"id":"file_mime_type","text":"file_mime_type"},{"id":"filename","text":"filename"},{"id":"parent_type","text":"parent_type"},{"id":"parent_id","text":"parent_id"},{"id":"contact_id","text":"contact_id"},{"id":"portal_flag","text":"portal_flag"},{"id":"embed_flag","text":"embed_flag"},{"id":"description","text":"description"},{"id":"deleted","text":"deleted"}]},{"id":"oauth_consumer","text":"oauth_consumer","children":[{"id":"id","text":"id"},{"id":"name","text":"name"},{"id":"date_entered","text":"date_entered"},{"id":"date_modified","text":"date_modified"},{"id":"modified_user_id","text":"modified_user_id"},{"id":"created_by","text":"created_by"},{"id":"description","text":"description"},{"id":"deleted","text":"deleted"},{"id":"assigned_user_id","text":"assigned_user_id"},{"id":"c_key","text":"c_key"},{"id":"c_secret","text":"c_secret"}]},{"id":"oauth_nonce","text":"oauth_nonce","children":[{"id":"conskey","text":"conskey"},{"id":"nonce","text":"nonce"},{"id":"nonce_ts","text":"nonce_ts"}]},{"id":"oauth_tokens","text":"oauth_tokens","children":[{"id":"id","text":"id"},{"id":"secret","text":"secret"},{"id":"tstate","text":"tstate"},{"id":"consumer","text":"consumer"},{"id":"token_ts","text":"token_ts"},{"id":"verify","text":"verify"},{"id":"deleted","text":"deleted"},{"id":"callback_url","text":"callback_url"},{"id":"assigned_user_id","text":"assigned_user_id"}]},{"id":"opportunities","text":"opportunities","children":[{"id":"id","text":"id"},{"id":"name","text":"name"},{"id":"date_entered","text":"date_entered"},{"id":"date_modified","text":"date_modified"},{"id":"modified_user_id","text":"modified_user_id"},{"id":"created_by","text":"created_by"},{"id":"description","text":"description"},{"id":"deleted","text":"deleted"},{"id":"assigned_user_id","text":"assigned_user_id"},{"id":"opportunity_type","text":"opportunity_type"},{"id":"campaign_id","text":"campaign_id"},{"id":"lead_source","text":"lead_source"},{"id":"amount","text":"amount"},{"id":"amount_usdollar","text":"amount_usdollar"},{"id":"currency_id","text":"currency_id"},{"id":"date_closed","text":"date_closed"},{"id":"next_step","text":"next_step"},{"id":"sales_stage","text":"sales_stage"},{"id":"probability","text":"probability"}]},{"id":"opportunities_audit","text":"opportunities_audit","children":[{"id":"id","text":"id"},{"id":"parent_id","text":"parent_id"},{"id":"date_created","text":"date_created"},{"id":"created_by","text":"created_by"},{"id":"field_name","text":"field_name"},{"id":"data_type","text":"data_type"},{"id":"before_value_string","text":"before_value_string"},{"id":"after_value_string","text":"after_value_string"},{"id":"before_value_text","text":"before_value_text"},{"id":"after_value_text","text":"after_value_text"}]},{"id":"opportunities_contacts","text":"opportunities_contacts","children":[{"id":"id","text":"id"},{"id":"contact_id","text":"contact_id"},{"id":"opportunity_id","text":"opportunity_id"},{"id":"contact_role","text":"contact_role"},{"id":"date_modified","text":"date_modified"},{"id":"deleted","text":"deleted"}]},{"id":"outbound_email","text":"outbound_email","children":[{"id":"id","text":"id"},{"id":"name","text":"name"},{"id":"type","text":"type"},{"id":"user_id","text":"user_id"},{"id":"mail_sendtype","text":"mail_sendtype"},{"id":"mail_smtptype","text":"mail_smtptype"},{"id":"mail_smtpserver","text":"mail_smtpserver"},{"id":"mail_smtpport","text":"mail_smtpport"},{"id":"mail_smtpuser","text":"mail_smtpuser"},{"id":"mail_smtppass","text":"mail_smtppass"},{"id":"mail_smtpauth_req","text":"mail_smtpauth_req"},{"id":"mail_smtpssl","text":"mail_smtpssl"}]},{"id":"project","text":"project","children":[{"id":"id","text":"id"},{"id":"date_entered","text":"date_entered"},{"id":"date_modified","text":"date_modified"},{"id":"assigned_user_id","text":"assigned_user_id"},{"id":"modified_user_id","text":"modified_user_id"},{"id":"created_by","text":"created_by"},{"id":"name","text":"name"},{"id":"description","text":"description"},{"id":"deleted","text":"deleted"},{"id":"estimated_start_date","text":"estimated_start_date"},{"id":"estimated_end_date","text":"estimated_end_date"},{"id":"status","text":"status"},{"id":"priority","text":"priority"}]},{"id":"project_task","text":"project_task","children":[{"id":"id","text":"id"},{"id":"date_entered","text":"date_entered"},{"id":"date_modified","text":"date_modified"},{"id":"project_id","text":"project_id"},{"id":"project_task_id","text":"project_task_id"},{"id":"name","text":"name"},{"id":"status","text":"status"},{"id":"description","text":"description"},{"id":"predecessors","text":"predecessors"},{"id":"date_start","text":"date_start"},{"id":"time_start","text":"time_start"},{"id":"time_finish","text":"time_finish"},{"id":"date_finish","text":"date_finish"},{"id":"duration","text":"duration"},{"id":"duration_unit","text":"duration_unit"},{"id":"actual_duration","text":"actual_duration"},{"id":"percent_complete","text":"percent_complete"},{"id":"date_due","text":"date_due"},{"id":"time_due","text":"time_due"},{"id":"parent_task_id","text":"parent_task_id"},{"id":"assigned_user_id","text":"assigned_user_id"},{"id":"modified_user_id","text":"modified_user_id"},{"id":"priority","text":"priority"},{"id":"created_by","text":"created_by"},{"id":"milestone_flag","text":"milestone_flag"},{"id":"order_number","text":"order_number"},{"id":"task_number","text":"task_number"},{"id":"estimated_effort","text":"estimated_effort"},{"id":"actual_effort","text":"actual_effort"},{"id":"deleted","text":"deleted"},{"id":"utilization","text":"utilization"}]},{"id":"project_task_audit","text":"project_task_audit","children":[{"id":"id","text":"id"},{"id":"parent_id","text":"parent_id"},{"id":"date_created","text":"date_created"},{"id":"created_by","text":"created_by"},{"id":"field_name","text":"field_name"},{"id":"data_type","text":"data_type"},{"id":"before_value_string","text":"before_value_string"},{"id":"after_value_string","text":"after_value_string"},{"id":"before_value_text","text":"before_value_text"},{"id":"after_value_text","text":"after_value_text"}]},{"id":"projects_accounts","text":"projects_accounts","children":[{"id":"id","text":"id"},{"id":"account_id","text":"account_id"},{"id":"project_id","text":"project_id"},{"id":"date_modified","text":"date_modified"},{"id":"deleted","text":"deleted"}]},{"id":"projects_bugs","text":"projects_bugs","children":[{"id":"id","text":"id"},{"id":"bug_id","text":"bug_id"},{"id":"project_id","text":"project_id"},{"id":"date_modified","text":"date_modified"},{"id":"deleted","text":"deleted"}]},{"id":"projects_cases","text":"projects_cases","children":[{"id":"id","text":"id"},{"id":"case_id","text":"case_id"},{"id":"project_id","text":"project_id"},{"id":"date_modified","text":"date_modified"},{"id":"deleted","text":"deleted"}]},{"id":"projects_contacts","text":"projects_contacts","children":[{"id":"id","text":"id"},{"id":"contact_id","text":"contact_id"},{"id":"project_id","text":"project_id"},{"id":"date_modified","text":"date_modified"},{"id":"deleted","text":"deleted"}]},{"id":"projects_opportunities","text":"projects_opportunities","children":[{"id":"id","text":"id"},{"id":"opportunity_id","text":"opportunity_id"},{"id":"project_id","text":"project_id"},{"id":"date_modified","text":"date_modified"},{"id":"deleted","text":"deleted"}]},{"id":"projects_products","text":"projects_products","children":[{"id":"id","text":"id"},{"id":"product_id","text":"product_id"},{"id":"project_id","text":"project_id"},{"id":"date_modified","text":"date_modified"},{"id":"deleted","text":"deleted"}]},{"id":"prospect_list_campaigns","text":"prospect_list_campaigns","children":[{"id":"id","text":"id"},{"id":"prospect_list_id","text":"prospect_list_id"},{"id":"campaign_id","text":"campaign_id"},{"id":"date_modified","text":"date_modified"},{"id":"deleted","text":"deleted"}]},{"id":"prospect_lists","text":"prospect_lists","children":[{"id":"assigned_user_id","text":"assigned_user_id"},{"id":"id","text":"id"},{"id":"name","text":"name"},{"id":"list_type","text":"list_type"},{"id":"date_entered","text":"date_entered"},{"id":"date_modified","text":"date_modified"},{"id":"modified_user_id","text":"modified_user_id"},{"id":"created_by","text":"created_by"},{"id":"deleted","text":"deleted"},{"id":"description","text":"description"},{"id":"domain_name","text":"domain_name"}]},{"id":"prospect_lists_prospects","text":"prospect_lists_prospects","children":[{"id":"id","text":"id"},{"id":"prospect_list_id","text":"prospect_list_id"},{"id":"related_id","text":"related_id"},{"id":"related_type","text":"related_type"},{"id":"date_modified","text":"date_modified"},{"id":"deleted","text":"deleted"}]},{"id":"prospects","text":"prospects","children":[{"id":"id","text":"id"},{"id":"date_entered","text":"date_entered"},{"id":"date_modified","text":"date_modified"},{"id":"modified_user_id","text":"modified_user_id"},{"id":"created_by","text":"created_by"},{"id":"description","text":"description"},{"id":"deleted","text":"deleted"},{"id":"assigned_user_id","text":"assigned_user_id"},{"id":"salutation","text":"salutation"},{"id":"first_name","text":"first_name"},{"id":"last_name","text":"last_name"},{"id":"title","text":"title"},{"id":"department","text":"department"},{"id":"do_not_call","text":"do_not_call"},{"id":"phone_home","text":"phone_home"},{"id":"phone_mobile","text":"phone_mobile"},{"id":"phone_work","text":"phone_work"},{"id":"phone_other","text":"phone_other"},{"id":"phone_fax","text":"phone_fax"},{"id":"primary_address_street","text":"primary_address_street"},{"id":"primary_address_city","text":"primary_address_city"},{"id":"primary_address_state","text":"primary_address_state"},{"id":"primary_address_postalcode","text":"primary_address_postalcode"},{"id":"primary_address_country","text":"primary_address_country"},{"id":"alt_address_street","text":"alt_address_street"},{"id":"alt_address_city","text":"alt_address_city"},{"id":"alt_address_state","text":"alt_address_state"},{"id":"alt_address_postalcode","text":"alt_address_postalcode"},{"id":"alt_address_country","text":"alt_address_country"},{"id":"assistant","text":"assistant"},{"id":"assistant_phone","text":"assistant_phone"},{"id":"tracker_key","text":"tracker_key"},{"id":"birthdate","text":"birthdate"},{"id":"lead_id","text":"lead_id"},{"id":"account_name","text":"account_name"},{"id":"campaign_id","text":"campaign_id"}]},{"id":"relationships","text":"relationships","children":[{"id":"id","text":"id"},{"id":"relationship_name","text":"relationship_name"},{"id":"lhs_module","text":"lhs_module"},{"id":"lhs_table","text":"lhs_table"},{"id":"lhs_key","text":"lhs_key"},{"id":"rhs_module","text":"rhs_module"},{"id":"rhs_table","text":"rhs_table"},{"id":"rhs_key","text":"rhs_key"},{"id":"join_table","text":"join_table"},{"id":"join_key_lhs","text":"join_key_lhs"},{"id":"join_key_rhs","text":"join_key_rhs"},{"id":"relationship_type","text":"relationship_type"},{"id":"relationship_role_column","text":"relationship_role_column"},{"id":"relationship_role_column_value","text":"relationship_role_column_value"},{"id":"reverse","text":"reverse"},{"id":"deleted","text":"deleted"}]},{"id":"releases","text":"releases","children":[{"id":"id","text":"id"},{"id":"deleted","text":"deleted"},{"id":"date_entered","text":"date_entered"},{"id":"date_modified","text":"date_modified"},{"id":"modified_user_id","text":"modified_user_id"},{"id":"created_by","text":"created_by"},{"id":"name","text":"name"},{"id":"list_order","text":"list_order"},{"id":"status","text":"status"}]},{"id":"roles","text":"roles","children":[{"id":"id","text":"id"},{"id":"date_entered","text":"date_entered"},{"id":"date_modified","text":"date_modified"},{"id":"modified_user_id","text":"modified_user_id"},{"id":"created_by","text":"created_by"},{"id":"name","text":"name"},{"id":"description","text":"description"},{"id":"modules","text":"modules"},{"id":"deleted","text":"deleted"}]},{"id":"roles_modules","text":"roles_modules","children":[{"id":"id","text":"id"},{"id":"role_id","text":"role_id"},{"id":"module_id","text":"module_id"},{"id":"allow","text":"allow"},{"id":"date_modified","text":"date_modified"},{"id":"deleted","text":"deleted"}]},{"id":"roles_users","text":"roles_users","children":[{"id":"id","text":"id"},{"id":"role_id","text":"role_id"},{"id":"user_id","text":"user_id"},{"id":"date_modified","text":"date_modified"},{"id":"deleted","text":"deleted"}]},{"id":"saved_search","text":"saved_search","children":[{"id":"id","text":"id"},{"id":"name","text":"name"},{"id":"search_module","text":"search_module"},{"id":"deleted","text":"deleted"},{"id":"date_entered","text":"date_entered"},{"id":"date_modified","text":"date_modified"},{"id":"assigned_user_id","text":"assigned_user_id"},{"id":"contents","text":"contents"},{"id":"description","text":"description"}]},{"id":"schedulers","text":"schedulers","children":[{"id":"id","text":"id"},{"id":"deleted","text":"deleted"},{"id":"date_entered","text":"date_entered"},{"id":"date_modified","text":"date_modified"},{"id":"created_by","text":"created_by"},{"id":"modified_user_id","text":"modified_user_id"},{"id":"name","text":"name"},{"id":"job","text":"job"},{"id":"date_time_start","text":"date_time_start"},{"id":"date_time_end","text":"date_time_end"},{"id":"job_interval","text":"job_interval"},{"id":"time_from","text":"time_from"},{"id":"time_to","text":"time_to"},{"id":"last_run","text":"last_run"},{"id":"status","text":"status"},{"id":"catch_up","text":"catch_up"}]},{"id":"sugarfeed","text":"sugarfeed","children":[{"id":"id","text":"id"},{"id":"name","text":"name"},{"id":"date_entered","text":"date_entered"},{"id":"date_modified","text":"date_modified"},{"id":"modified_user_id","text":"modified_user_id"},{"id":"created_by","text":"created_by"},{"id":"description","text":"description"},{"id":"deleted","text":"deleted"},{"id":"assigned_user_id","text":"assigned_user_id"},{"id":"related_module","text":"related_module"},{"id":"related_id","text":"related_id"},{"id":"link_url","text":"link_url"},{"id":"link_type","text":"link_type"}]},{"id":"tasks","text":"tasks","children":[{"id":"id","text":"id"},{"id":"name","text":"name"},{"id":"date_entered","text":"date_entered"},{"id":"date_modified","text":"date_modified"},{"id":"modified_user_id","text":"modified_user_id"},{"id":"created_by","text":"created_by"},{"id":"description","text":"description"},{"id":"deleted","text":"deleted"},{"id":"assigned_user_id","text":"assigned_user_id"},{"id":"status","text":"status"},{"id":"date_due_flag","text":"date_due_flag"},{"id":"date_due","text":"date_due"},{"id":"date_start_flag","text":"date_start_flag"},{"id":"date_start","text":"date_start"},{"id":"parent_type","text":"parent_type"},{"id":"parent_id","text":"parent_id"},{"id":"contact_id","text":"contact_id"},{"id":"priority","text":"priority"}]},{"id":"tracker","text":"tracker","children":[{"id":"id","text":"id"},{"id":"monitor_id","text":"monitor_id"},{"id":"user_id","text":"user_id"},{"id":"module_name","text":"module_name"},{"id":"item_id","text":"item_id"},{"id":"item_summary","text":"item_summary"},{"id":"date_modified","text":"date_modified"},{"id":"action","text":"action"},{"id":"session_id","text":"session_id"},{"id":"visible","text":"visible"},{"id":"deleted","text":"deleted"}]},{"id":"upgrade_history","text":"upgrade_history","children":[{"id":"id","text":"id"},{"id":"filename","text":"filename"},{"id":"md5sum","text":"md5sum"},{"id":"type","text":"type"},{"id":"status","text":"status"},{"id":"version","text":"version"},{"id":"name","text":"name"},{"id":"description","text":"description"},{"id":"id_name","text":"id_name"},{"id":"manifest","text":"manifest"},{"id":"date_entered","text":"date_entered"},{"id":"enabled","text":"enabled"}]},{"id":"user_preferences","text":"user_preferences","children":[{"id":"id","text":"id"},{"id":"category","text":"category"},{"id":"deleted","text":"deleted"},{"id":"date_entered","text":"date_entered"},{"id":"date_modified","text":"date_modified"},{"id":"assigned_user_id","text":"assigned_user_id"},{"id":"contents","text":"contents"}]},{"id":"users","text":"users","children":[{"id":"id","text":"id"},{"id":"user_name","text":"user_name"},{"id":"user_hash","text":"user_hash"},{"id":"system_generated_password","text":"system_generated_password"},{"id":"pwd_last_changed","text":"pwd_last_changed"},{"id":"authenticate_id","text":"authenticate_id"},{"id":"sugar_login","text":"sugar_login"},{"id":"first_name","text":"first_name"},{"id":"last_name","text":"last_name"},{"id":"is_admin","text":"is_admin"},{"id":"external_auth_only","text":"external_auth_only"},{"id":"receive_notifications","text":"receive_notifications"},{"id":"description","text":"description"},{"id":"date_entered","text":"date_entered"},{"id":"date_modified","text":"date_modified"},{"id":"modified_user_id","text":"modified_user_id"},{"id":"created_by","text":"created_by"},{"id":"title","text":"title"},{"id":"department","text":"department"},{"id":"phone_home","text":"phone_home"},{"id":"phone_mobile","text":"phone_mobile"},{"id":"phone_work","text":"phone_work"},{"id":"phone_other","text":"phone_other"},{"id":"phone_fax","text":"phone_fax"},{"id":"status","text":"status"},{"id":"address_street","text":"address_street"},{"id":"address_city","text":"address_city"},{"id":"address_state","text":"address_state"},{"id":"address_country","text":"address_country"},{"id":"address_postalcode","text":"address_postalcode"},{"id":"deleted","text":"deleted"},{"id":"portal_only","text":"portal_only"},{"id":"show_on_employees","text":"show_on_employees"},{"id":"employee_status","text":"employee_status"},{"id":"messenger_id","text":"messenger_id"},{"id":"messenger_type","text":"messenger_type"},{"id":"reports_to_id","text":"reports_to_id"},{"id":"is_group","text":"is_group"}]},{"id":"users_feeds","text":"users_feeds","children":[{"id":"user_id","text":"user_id"},{"id":"feed_id","text":"feed_id"},{"id":"rank","text":"rank"},{"id":"date_modified","text":"date_modified"},{"id":"deleted","text":"deleted"}]},{"id":"users_last_import","text":"users_last_import","children":[{"id":"id","text":"id"},{"id":"assigned_user_id","text":"assigned_user_id"},{"id":"import_module","text":"import_module"},{"id":"bean_type","text":"bean_type"},{"id":"bean_id","text":"bean_id"},{"id":"deleted","text":"deleted"}]},{"id":"users_password_link","text":"users_password_link","children":[{"id":"id","text":"id"},{"id":"username","text":"username"},{"id":"date_generated","text":"date_generated"},{"id":"deleted","text":"deleted"}]},{"id":"users_signatures","text":"users_signatures","children":[{"id":"id","text":"id"},{"id":"date_entered","text":"date_entered"},{"id":"date_modified","text":"date_modified"},{"id":"deleted","text":"deleted"},{"id":"user_id","text":"user_id"},{"id":"name","text":"name"},{"id":"signature","text":"signature"},{"id":"signature_html","text":"signature_html"}]},{"id":"vcals","text":"vcals","children":[{"id":"id","text":"id"},{"id":"deleted","text":"deleted"},{"id":"date_entered","text":"date_entered"},{"id":"date_modified","text":"date_modified"},{"id":"user_id","text":"user_id"},{"id":"type","text":"type"},{"id":"source","text":"source"},{"id":"content","text":"content"}]},{"id":"versions","text":"versions","children":[{"id":"id","text":"id"},{"id":"deleted","text":"deleted"},{"id":"date_entered","text":"date_entered"},{"id":"date_modified","text":"date_modified"},{"id":"modified_user_id","text":"modified_user_id"},{"id":"created_by","text":"created_by"},{"id":"name","text":"name"},{"id":"file_version","text":"file_version"},{"id":"db_version","text":"db_version"}]}]}